well,oracle_shift,base_rmse,tw_delta,prefix_delta,ridge_correction,ridge_rmse,ordered_rmse
015fe0d2,18.33688139637822,20.833960814384525,-2.157933072872499,-14.630175236828574,1.9284391369237541,19.158540686918688,19.85484210092658
01869cd4,1.1957985237197948,8.0743553462509,-0.04197068482486577,-21.556309316031594,3.915503860061851,8.435761807017101,6.863876338339926
01982c1d,-8.333616561201438,10.065042677897083,-6.047704926649583,-15.795501718328637,-5.428106117722255,6.348063488649401,9.860524354987211
028d7b28,-11.988583030520427,14.79681191715045,8.464477668077814,-15.32283518108509,-5.501322112693814,10.830700533566825,16.69903542633054
05948241,-4.9537372649365246,6.108569033156915,-2.2696999632156243,-14.131701858844801,-0.5381728058401768,5.680872488910354,5.847470410694047
06df5958,-0.85906128918528,3.0116029329575316,-3.09660002887977,-10.218102810403554,4.891664704910512,6.434486412013384,3.2994289775138705
071d7b45,10.170808389973402,10.601205862203416,6.237034709375252,-20.091351092682107,-1.8118027602765951,12.350028032573103,10.096316001805253
0849b4e2,-9.86820493658132,14.446173980437797,-0.03826384683275762,-13.32143985985432,1.2249032325390097,15.309066687898824,12.463100090307233
09441b8d,-9.05542700958724,11.822249467268746,-8.22967187226352,-11.119352829289959,-5.597600526165453,8.349933420682284,10.516424057209552
09ec2ca9,-6.499661139772691,8.803152759499563,-10.543674815872604,-17.99303126195452,-1.9437154084773196,7.483752072438238,7.615470030993507
0bbf5e67,-10.479644365574975,11.847337764202647,0.6699712624429937,3.497591548534664,0.4629444605703798,12.258740403820598,11.708607804257849
0be01c24,0.646823232971258,3.4987936298494233,0.6978913392032602,-10.650413608870481,2.468700115463232,3.8913252170080725,2.9518550944884185
0c1b160c,2.439831095473118,7.420729542108257,9.064162290934018,-5.591063704041493,4.1235864482203,7.207598993464203,7.369479243082438
0dc835f3,-7.871588776521996,10.430474621728868,1.449239113391636,-12.84084121346957,-1.3973975445093338,9.420617977422095,11.064003698223436
10be2420,-9.05598477248479,9.998388568385298,-2.822965288038288,-9.109331815242683,-2.165138513931044,8.089541144216772,8.427813472073822
122bd617,-0.9631476505812674,7.84143298484341,3.541095546623266,-14.471218216252147,7.42697309545125,11.443537215038575,7.349823122597931
125be846,-10.812703669114432,12.230661499374333,1.9941150068379974,-5.177287407233527,1.9372420418645797,13.972674608287939,10.004882639366498
1285a37b,-3.9830472416804867,4.320943541330226,-0.5488515156036563,-10.943483431481358,-1.888091256482007,2.6822990768787176,4.438644479399248
13f598d9,4.677817387363446,7.0554408619604905,-0.8779625467028214,-20.238504561179745,2.1438186563571757,5.858192538304169,6.692414255700843
173ed841,18.611265074877668,20.984083936895388,0.41893027017150875,-11.510286120308663,-0.9779042062225841,21.856077967167014,20.573816687782333
1770d7c6,3.0583835041270304,6.006012612829107,3.7128313429718105,-16.629183677967482,3.191742268622908,5.170711982620389,5.0436047218475695
1944513c,9.122905733013372,9.592045913284153,-1.2139908209376353,-0.9703648821009867,2.4411979713835437,7.309251288669711,9.1754236378111
19fb4f7b,-3.8056454609716637,7.577501471084752,-3.502613699748471,-6.650671276446726,-2.599543093488984,6.66260265140617,7.527259272742883
1a518997,10.582936893335114,10.878056753685081,-5.325386003626799,-13.050107143367981,-1.5761324781821724,12.416784343356955,8.971409020230254
1a68190b,9.718620772294146,12.834703223443471,-3.3944336674757474,-16.396244722066097,2.082494132972546,11.339684615101449,12.775803411694719
1b1c5372,-13.425330406328555,18.456449471419475,-7.251216966283889,-14.741027332626667,-3.302087465400641,16.213607809892455,19.468717576452683
1b1eba53,62.93181023913749,68.14157844892365,12.023911795271879,-7.368606242465645,13.336446544869563,56.05855932418026,65.483304345313
1b82b665,2.022257738690713,4.870204391818524,-3.5217649709817462,-11.185087770586268,-0.5138385970458019,5.105012152828853,4.88934258923591
1beca81d,-1.6012896002406025,5.539785146135593,-1.3155794973488426,-10.784699340656225,2.440211401330708,6.667744853187076,5.841469243806562
1f9afacb,2.2085095368790184,3.7674456034217547,1.8577443908757871,-10.729602843581214,-0.7209532023970705,4.230589077311068,2.9585858927034625
1fdbba44,3.7726192801686564,6.350263446548629,-2.885945560704629,-16.98219473700214,-1.8501097786258431,7.596596058504869,5.124655152610598
1fee2b62,1.7497809510959856,4.96968262657369,-7.003867863169303,-11.187577508106846,-2.489730002154389,6.293605100002989,6.585812933523681
200d233d,6.365544256695252,7.134855476200126,-2.5802933250445728,-5.539854623964617,1.2573346525747429,6.039852178815519,7.747953268546985
206b6193,-25.257723178412483,28.6503114968102,-3.4987551805527146,3.4376914392507567,0.950634802501271,29.49179202358908,27.81173053064989
25939962,2.58032878974588,7.349393153556652,-11.149118858037195,-14.968190993676693,-9.686168448831783,14.064936457958034,9.515904204834998
261785ee,-17.542895766090016,20.17255615455414,1.149252020294962,-10.84736196869893,2.379060422487782,22.27247557700576,18.605851027498794
264feceb,-5.57090963390527,6.398444408919047,-1.3012032675619019,-8.240041727450235,1.7630865688666693,7.980761680889497,5.667713411871342
26d3a96a,0.025612361369498366,5.375743365609429,-2.3484020171545352,-14.24568120055667,0.6765826208973649,5.414953648797825,4.555861468063139
27300fd5,10.469894092906666,11.59291424511274,-6.014321426810806,-8.143259300616931,-1.46232714603074,12.928839161843584,10.142959877785284
27c3155b,-13.189026609423323,14.532529720681028,0.054736683643889644,-9.224129222317266,-0.6946201326044475,13.905185737212287,13.91545840969125
283269ac,-0.22545639669674658,1.0669408706616965,3.6021792262503802,-14.283057971781298,-1.086587773890988,1.3524346503490337,1.5271062229588575
2b06ad65,2.318172653147011,2.853216561590533,-2.5180560433309416,-12.498757997858666,-1.82730147760032,4.466752295150534,2.566834698863625
2c0c4a4e,-2.4248009449106753,3.5734671354996665,-5.061905058361624,-6.391549162152713,-2.9305843925280386,2.673167529718388,3.029534315282426
2cee0cba,-7.39214462408677,10.72999897672507,-8.302543854747553,-8.00665318146372,-7.547275864530895,7.779019321152738,9.052147144741822
2d179ded,-2.3810913063165984,7.757762125531358,2.5012071222592396,-6.484884470614941,1.3368394053642083,8.266576447609843,6.864089348081844
2d196986,-8.189968560957546,11.642748364539008,2.745268677878749,-12.581519479099537,-2.4452048172747363,10.073743838376558,9.625280491362455
2ddad940,-2.2936819232393684,7.745926568260342,-16.42570103816008,-15.875408553699744,-10.679852713639658,11.183302828844946,7.577066611930553
2e43c2ea,2.0752197692276413,4.266788550956793,-2.7124412267601747,-4.444980153691991,13.562036284828359,12.076667632714058,5.646187381550533
2f19d536,0.6413520517099687,1.8063462903873102,-4.437008957055845,-8.918539489915354,-5.524208806419199,6.3926281889260865,1.6273581962402455
2f8e53c3,-1.089043361266535,2.6996046162189193,1.2111593386078976,-11.875456296426686,-2.056254303821223,2.6527997754428303,2.3024229762409862
2fd68f7b,47.418495346232845,51.46380319828231,6.930830771886581,-2.8285277801805493,4.965117201460764,46.92865494166539,48.89255686349483
32fe84c9,-16.102185697408707,18.152843919038546,0.6289929176089933,-6.648779580290255,1.7985320933892854,19.76565343065942,15.616977621882704
3407f5bf,-12.73868391672442,19.83904569783466,2.430184376441566,-8.05462532825953,3.5279651092574555,22.269206020983727,20.998205490836447
357c12f9,-0.2385913949667065,3.0321212479344855,3.056416904138195,-15.752295713747234,1.774154216957505,3.6315256169744408,3.239125910668477
3584a6eb,-8.542257313549944,9.457069816252103,4.691687044401355,-14.547960723486183,2.1130805919260536,11.401852278399033,8.248816869111579
35b30c7f,-15.526738038037387,17.674755759556344,6.674178763903555,-8.558823881540711,6.575661884529014,23.660800480863546,15.425730942469544
35b3ef6a,-18.47292391650096,20.25989942398836,-6.086003573136158,-12.49546387428049,-4.734514584452066,16.06108643959746,18.185528682775857
368fe682,13.443274511019153,15.754268625529983,-4.565664180371881,-14.303733894363397,-3.351437935349773,18.695927805352163,15.734226479976355
37344c2a,8.48909459613943,15.037212840651046,-0.38191553936843947,-13.503535103697887,-3.0683650476385895,16.95959658631044,15.447194473619842
398dce4b,-0.7585962529553847,3.1245834545160793,0.2713996147795746,-7.016845748697239,1.8775776375604893,4.0170842996227405,2.956869300704272
3a7dd95d,-7.396231398306138,10.191421841890252,-1.5723173977772489,-12.627057129784856,1.3481115699789128,11.208227969178601,9.68668776987189
3aaa2b30,10.230284636879826,12.413504061084867,0.7564514915908125,-7.461806751023509,3.916198387208462,9.450081718761606,11.85673711527541
3b21ea64,0.10846490106246856,5.91631461028944,1.137343380801652,-12.539124948931493,-2.2922518289101554,6.38392158087287,6.768098024443678
3bbe1f5d,3.504178909065376,5.6034718595909965,0.9677153974691687,-15.30805581715405,2.2564038282958765,4.547149624399663,6.690501572988388
3c3dbcbc,-5.184140056014958,8.706499080830529,-8.604797355219405,-14.365056006694587,-13.492650922909505,10.8609010192265,6.952744959297334
3d96d897,-0.43814194989252436,2.3885790456250997,1.243573694456472,-11.975679746816859,0.819221710068657,2.6635136309651,2.171264617521585
3df4b19e,-4.335260285925385,7.43138482756766,-10.587233097826456,-17.223067485316935,-5.655352067482451,6.178482096794931,6.463032026215922
3e678ea7,8.818440995699897,10.058945017816457,-3.074930198908673,-15.357370901472823,4.659997305807384,6.380448824245922,11.423710048963
3ef6372a,-6.0043753561041875,7.3746561972912295,-0.31815129021991,-15.233004898219203,0.11763741645858711,7.470747686723148,7.333757685023667
404c4384,3.299298536416141,3.94670125533825,,,2.2900752728482625,2.3894793496113733,3.9042599922890413
42669188,-15.80403553782292,17.613684116818447,-7.881134921972748,-12.145285408650208,1.306886456391025,18.79515842918966,16.353403780151343
4463446c,6.849104714226458,10.751875575774838,-1.0327632922967172,-5.096123406451475,1.2926424707463653,9.978319782094156,11.850585337187756
463c38f2,2.5686061349724683,6.842692642018446,-1.5344514313401203,-4.072449757368673,0.2932806428976386,6.738086613527536,5.87872189802568
46d24a09,16.896023700791346,19.7024524362433,6.896000295946429,2.0352398656335744,4.475770114216965,16.030399691197264,19.384494700148004
46d41ff6,-2.80835886014858,5.2085507326761835,0.4925086936294508,-10.061378671133939,3.197387439395378,7.437143931777232,5.36486529579977
48c1f673,13.177436169162936,15.029421853179135,0.3908497554606569,-19.81214267405334,-0.9569482791700242,15.875122707612057,15.598537428543233
4a035ec2,-11.59620031614079,14.857494054216854,-5.951295781712954,-13.964234064454839,1.7666695415167117,16.2738919325321,16.33000077549984
4b831d20,-14.66430349035141,16.47412680370851,-6.353063338756076,-7.233428266766287,0.6044101149724386,17.014366642603733,19.13846317822407
4ed93db6,-4.176386432340718,8.035864121477838,-4.0573766615619835,-10.412400114697984,-5.02495117108016,6.917584163741574,7.288151365657974
4f4ac5ce,2.7432729707683228,6.644521289661657,-1.1037584344539124,-15.383031423110914,0.10447935641985756,6.602071517012375,7.790921464829406
4fbe9c06,-11.099985731844644,14.352874003831916,-1.5479118231123967,-13.84698993097739,-3.2913797375189398,11.990397678865545,13.237911237057135
511e1db0,-2.7047276026134885,4.101333535746245,-4.925497486199895,-2.9982059557825878,0.7889058759225154,4.659491415320722,3.4812891200368736
512943b2,-0.8328598348830419,4.29044811418689,5.116713573909657,-13.15676522826852,3.305894430387424,5.902844770469253,5.81374203648274
521a7819,-36.66481084388802,39.06686727764403,-6.466681215233063,-21.89193309864424,0.9822083876632226,39.99012155134937,39.01819460361837
53134831,-8.203103480740527,9.50532430581951,2.150992016647092,-9.642949418711616,2.0816628154603904,11.35062558674821,9.676397656914078
5397ceb1,-4.590203931287522,7.427235820663365,-3.74426086953771,-3.520457004154986,2.9599624407896283,9.544572910873297,7.589186160921807
543198e8,3.808722487787792,18.25673101181458,-2.6066837972692074,-9.372961854364942,-5.0950195761598875,19.951904244710093,17.19175128258975
5663b2b7,-5.150342510504541,13.801308393223792,8.480515391228808,-6.374483721870293,8.83435475878773,18.961061233568294,14.358455856298061
577eec7c,4.998309254374244,11.122857692519574,7.490746389253632,-10.944318120292145,3.6688080821211417,10.025090583765458,10.672818907519261
58850d2c,-9.64031845883175,11.040937588098963,-2.6605035716523147,-0.6338910906825966,3.1122875870099254,13.841803487878106,11.135361396255645
591cc951,-4.507711021565782,5.992896164217991,2.0334639138485238,-9.782644321248405,4.836665519663029,10.144590613987715,5.422543481895375
5a1a8fd8,-9.998408577284458,11.622962956223859,-3.512328898794598,-17.716658279646893,-0.8720115410064705,10.881921552152988,10.762914369032563
5a5d1982,-2.6979973590342152,4.751888989183752,-2.9630562555234303,-14.168782634812022,0.021233616539810818,4.763976943132189,4.552706106779508
5b7b6324,13.747680026200756,17.552827063871387,5.886413244552432,-11.509867875245819,3.6335839208294285,14.879447968928874,18.037042904052065
5bd25f59,-0.6476721398723488,2.0658715654975435,1.8832602781235046,-8.971268792588091,-2.1617858648069936,2.4780812126325533,1.80700759428043
5d11dfb5,-3.314539859690093,9.61362278921078,-0.5490507286026342,-15.233391344550943,2.107158964350242,10.527601188797165,9.78267014964959
5def1ce5,-1.0248831871507418,6.652989566778979,0.2785537882388099,-15.175085136513886,-6.206097780484481,8.369998165504267,6.725928278788053
5eae34a8,-1.7116193979050223,5.802700950495458,-2.602974635934093,-17.040606808483243,0.8011743757810237,6.087349990486351,5.320080263641521
5f4d2a52,43.583392726345956,52.14008755763614,-8.628141174533683,1.1027276095628313,-0.9862779003261265,52.96727431866935,44.410858479138504
5f6756c5,10.661819492570517,11.695023991876257,-0.4314964804139321,-7.750362578673275,-4.864156623770766,16.252849769920832,10.6952845668682
60e37807,11.415444107178729,18.977895423282245,6.323085664877496,-13.54308910018891,3.319863722735182,17.18681390758301,17.25019526468263
62569ae3,-6.789728647968799,8.59138161266933,-7.061336770538618,-15.644255455289947,-6.029749946140381,5.3187395620293305,8.096830922487388
647f2a41,-6.558244230900584,8.970220524724425,9.200782282132119,-22.18432087913009,8.171018242640205,15.950092848773142,8.662856177681823
656a067b,0.7652822191088393,11.781074736072714,-1.2540662755866487,-15.565455763899395,-0.5616544060137924,11.830842145390116,12.16048418266473
684a6fc1,10.696537728453382,12.966456700473023,8.470032960163003,-13.050820358206437,9.749750530766022,7.38982313636264,11.635375166102817
699ea575,3.97815020017974,7.743472536518413,7.352005619980721,-11.012287657164423,0.37297987752202494,7.558633538146714,8.241326204111049
69c1bdad,-2.1017243717557172,5.874545447247779,-1.7873887534061699,-9.290809266611776,0.00881194021985876,5.877703837479304,5.793188713203881
6d590e26,-0.09111452651347023,7.525889673719335,3.669447049098443,-16.52080149455537,5.201395383071223,9.200074709865856,7.110458058731843
6d6d93af,-22.28445016527116,25.453423736433734,-4.369399871840108,3.2425963916216913,0.2757945059446167,25.695227190337892,24.516446351241008
6ea22614,-8.553412093669822,10.89827723370709,0.5558949511742176,-11.189139702885333,1.6432592786623026,12.230441336842203,9.470754958404447
6ede926a,1.4812570041646225,3.8689204548326135,-5.2895430741851195,-2.7494281824291953,3.481504642014109,4.095779997284472,4.563640007231202
708caea9,22.950092904412667,26.14987634674743,-1.1438562251643924,-16.23559325995383,-2.8590323643996665,28.69181443844718,25.75744022447912
70925e23,-12.548967863782893,14.703440303396137,0.8715936769075787,-11.037699233780554,-11.898231375656579,7.690124855049926,16.48920489371482
71ccf778,-5.636416353271184,7.324931880648429,-2.235764352543596,-14.655051624276178,-0.9455362331092935,6.624937286528831,6.471064475095914
726f3dc2,-1.8433143812204058,5.884253012467891,7.222854725801863,-7.358148904291099,3.3349490233783388,7.618466872942579,6.297484558860023
729e9750,4.355683845092997,6.6288001623233725,0.9366581205101692,-13.432303994290907,2.656922404007021,5.277764703672912,7.054351033941455
739a914f,-11.456037021900123,16.008251310520528,-5.717033772156809,-19.609349422892496,-4.397141923999768,13.223136003867834,15.925465447707095
75d20a82,-6.935844699522159,15.187439920050085,9.861178525959456,-3.5182789244837487,10.234678889182197,21.849010731369816,14.902839749580899
764072a5,1.2855921254529301,2.9603047241983194,-1.7527792970399094,-20.11303201575294,-1.9229818280292803,4.17200236841351,2.59056799151317
77b0d905,4.506883827600338,5.513254665642644,0.5103089419775549,-15.493153741648843,-0.009848624208988799,5.521308469373678,5.221310461662566
7987f2f2,-5.186994432962045,9.826615673991283,-2.8482169983378434,-15.629156640228638,1.3242089206493923,10.585519990478705,9.808469699449285
7acda2df,6.54432128423816,11.862986488260955,2.771438477144413,-13.383248818788768,5.259790425146824,9.977591236229657,12.949530077350081
7b2c7b3c,-0.6427186344600059,4.382447826945767,-3.667717497779449,-10.545285901779812,-2.424858378225513,4.687086918239447,4.376809012129234
7bb17b96,11.782767504635556,13.87149758936397,-5.533711153336362,-11.253615393654933,-1.4636958578500372,15.134517729915135,13.391950398983889
8050c789,0.5890407828442046,7.8744329752835345,,,1.588514627842145,7.915723189021497,7.6162709793271075
807f0298,5.554574437857216,10.215769254699158,-0.891569745511002,-10.806807296052025,-6.556929284431933,14.839041973610911,11.742825514898273
811f52b3,-0.0007527093128003846,3.0709500785296036,-0.09350788881741347,-18.7603103245108,-3.269006547025883,4.484664643646282,3.640156288150161
81fc01c6,3.0402998892721134,10.947194118725433,-7.8132703171793985,-24.98477647024471,-1.0761955305751076,11.293501237347638,10.784996932138549
8478df29,-5.742732075288019,6.5853756188876,-6.998042463678901,-12.680597111875658,-0.8242829235359631,5.8804202580833245,6.319477439547692
84815d5a,12.574732756542158,14.857536963840262,8.397187118480431,-13.689143535446396,4.19587685951613,11.525091187342367,14.977530482851614
877ed19c,-8.394408076327109,9.35648664139959,-2.1691987728068067,-10.602518140546199,2.913594673194059,12.039463505571183,9.779985862047482
8902c3f6,-0.5973214911203593,3.9085492539688738,2.502765293730984,-24.11110014078277,-0.693587013023243,3.8638363523386596,6.6871241509477635
896d15b9,17.571929867379144,23.078716517536723,5.86743342306695,-15.903014490437752,6.388744520354108,18.679348793216462,20.028291845786296
8995c945,7.272388452301847,11.603575025357554,2.550080953306517,-6.605531085139626,3.7479806171012684,9.704471657784927,10.670720597662298
89f1085d,-15.309393485213896,17.29601964751379,-6.781929165366874,-1.1874462004680804,-0.8552512143153798,16.543790241339206,18.202540433404337
8a9c8932,2.719247269679867,5.455621388386203,-2.5780934465980776,-9.740808043701385,4.75112262165304,5.147622409007384,4.757054198050067
8bb9c1e6,-1.5762311756945615,2.5606419647805683,0.4271696689945128,-7.043199778278477,-0.9411207403789855,2.115596326715094,2.9783618472064517
8bfa881d,14.998175723865218,20.20604911517359,2.6294719610261623,-2.218540211012032,2.7346455522613353,18.26836933255647,18.867029838772847
8c167025,2.226970317275795,7.3910038264587925,0.3813210637404236,-14.457457914963037,2.427424512761769,7.050370391205625,8.821665976473236
8c8348e8,-10.060857476611814,10.82047511020423,-8.692748183730277,-16.262293249651243,-5.213136694780391,6.273932197948954,8.801429990501646
8cc800b3,-13.914380289617656,15.367725589368336,2.01458612239935,-15.185720303820345,-1.7498730035789856,13.803341930783391,17.038279158682066
8d92cb49,0.15198320119857398,6.5535386204564325,-1.1103958114718544,-6.014182969842632,-0.9977919484600132,6.65189840956263,7.0962114082917775
90386ee4,1.5018841705527994,4.851144442985802,-4.975025798463628,-20.965019058684256,-5.907883177402222,8.728264346121504,4.66396107673386
91abc4c7,-14.68968387885311,15.885301558603897,-8.744144650031076,-21.599568490220683,-0.36216492035155823,15.551006162089466,14.93011306962816
91db7070,32.603764188237115,38.86779121394234,-1.2441772749917386,-15.02221033789704,-0.6243371631706452,39.392974932439635,40.55533845445778
9298ad5b,4.108022335545932,10.809721589715,-0.4435731142312819,-16.11928785061516,-2.675552698727648,12.082678659279983,10.001017493972514
940e709a,4.5531259688875965,5.423536621219064,3.1312069856041553,-9.233786601594147,3.138755808576277,3.268675013445415,4.726872420426739
9426ec1e,-7.98809259015153,9.593917813857503,1.921854467505353,-16.500493994893812,-4.073828317884979,6.599628821635248,10.079841764938257
94467f50,-4.794030441644522,8.663977736635575,-2.5385946233138936,-6.692012493408612,1.977168119089252,9.896004865317003,6.791260478278471
944f36b9,1.5526489067068678,3.844961119205523,-2.9620337860741968,-15.892437375294836,1.1467409531313018,3.5408711706980593,4.389536982100512
94d813a4,-27.72757124313694,33.322893854852325,-11.59297261914989,-7.622757115529669,-6.04698126266675,28.489384509318068,32.98710632585082
95c8427f,-18.219036587558286,20.14699897233127,-2.7568039187635933,-11.54192693322453,0.7350047727476228,20.814032701533044,17.433054156386227
96b7eea1,3.3136733532321947,4.028157125097041,-1.4257646586519723,-16.256611098977707,1.0386428535955783,3.228216613988138,4.034389962418295
992c99e8,-8.01161195710042,12.347823564569918,0.6910396398405866,-12.425466347166994,-3.7440642351688274,10.31963101033948,11.41596357468981
99529c45,-15.60912916347301,16.85402552700831,0.04861661759339819,-6.160690020728861,0.4517199075000106,17.27322020075106,15.571080693148822
9a8ae0d6,-1.2452687873357116,4.942604943030384,5.091643490458731,-5.960307230681931,0.40211156402248943,5.058904159222344,4.682200842028617
9a95e33f,-25.772670961177162,28.29521090987671,4.238583206841278,-10.738205217231314,4.59602623172583,32.536843134445796,24.007009301380837
9ab94eeb,-5.159939828529144,7.103870050974977,-2.678606048604193,-7.0908480572080075,-0.6170309047750148,6.669183769893942,6.604004398188231
9b5b61c1,0.8587339210155316,3.276613743639914,-3.056506308131006,-14.773410215536673,-2.349275134689646,4.504452883468976,3.4076908168671336
9c350a6a,11.822234578690018,16.221037949769542,5.37244322699323,-11.727694585898316,-1.6876379307478735,17.489239461897053,13.4889119975656
9c8375f7,0.4423336973137521,5.990474175819192,-2.648225440406791,-11.050580448471434,-0.4102973443491842,6.034658353592629,5.114752194571598
9d5e14d4,-20.913794702131124,24.225178261400046,0.6566682966138814,-11.572675345041585,2.1664895643808473,26.118422134132015,24.734213910021186
9def2eb2,0.3147546514099959,6.340685051831999,-3.341242392693872,-16.01660664189186,-1.4682855086911197,6.579091779909447,6.937996220360652
9efc812e,3.61832995195159,5.745274769003941,-2.1421766762812657,-4.795794104499141,-1.494541817029765,6.786554962292181,5.67058565007947
a3518960,-5.473779816913832,7.363752936833069,-3.2435669310475688,-12.722920082907088,0.24132054107525963,7.544863413777432,8.038469235052858
a4719920,2.2164589992523704,5.763549151396396,2.053887665278199,-15.226632563200202,-2.7881889512402274,7.304266522627192,7.532069714819935
a48640d9,8.159008825799292,9.046708030513368,0.7280753103929757,-14.301180858182816,9.572429061984817,4.155870298017621,7.535018483376301
a4f989c2,-5.677304194488207,6.697383004483917,-1.325704496278427,-16.93199117758707,0.07803924420553016,6.763662786486548,6.169226787045429
a612d5a0,10.628003058375672,12.075756938197488,5.741769116225609,-19.218758714012473,11.812946399192812,5.8543613949371895,12.708433407290272
a645da9a,-1.314431683764241,8.456133410182096,-4.772245597651454,-11.996580487285126,-1.1652384949315486,8.354682531796675,14.811450179184348
a6f967fb,-11.184239194999492,11.745175400853952,-10.107879753792629,-9.454043147383082,-2.7080276766104485,9.203700371608116,10.395516927711435
a76db406,-1.5471666817650713,2.7483456789179375,0.7336767620842346,-1.1993329577041105,4.886074519895879,6.822482802354007,2.4148662681972617
a79fd2e7,-9.534022725384881,12.271621703771771,-9.620038739190683,-4.076032554819532,-2.0179390912481217,10.778989892733568,11.35150912934217
a85e4bc3,-1.2281267676268144,6.427606980203673,-9.829947245368029,-13.82722790687272,-4.159603121033949,6.956966993251139,6.75136828756653
a959858c,39.744516304187854,41.918420189722774,16.059917770139073,-26.353006066062147,0.6954197517986478,41.25965725143748,40.27760883047371
a9c9b150,1.6715070162560688,2.2982554235938237,-1.372926079068826,-13.346311902869347,-0.0017333653858937481,2.299516397297383,1.724608252218694
aa95015b,-0.299193197190432,3.329506313122093,7.104855786551364,-6.917805833463348,-1.844556029804599,3.6584480321987276,3.052750157286368
aaeffccb,2.2227075859978513,4.077420757712112,1.775681390292251,-10.760368827404553,0.05846638498097606,4.045846141260267,3.934782302299386
ab112491,19.552127199280395,22.98351236696988,-7.825570330658964,-12.746110545059807,-2.005932249007968,24.71246830815948,23.79012076291078
ab6fe95d,2.148004388687069,5.210048084784902,2.566057047383146,-14.1223010533767,-0.10728791090699086,5.255189963127883,4.929020214076709
ac6f01d5,-7.112847671187287,9.814897912153558,-0.38206366507264394,-11.647205819987306,2.5807740686062437,11.819725947190621,8.772192660504707
ad2133a8,-16.429501014683066,20.760785221947202,3.7537338101745505,-13.24219206446394,2.569746625796446,22.848481576346355,19.89112242004899
add9c322,-8.604151903993506,9.535372307571766,-1.846395401347756,-13.450835870909401,-1.103020811795259,8.553295430379572,8.950471269130361
ae35f33a,1.5411019826436465,3.4742337392271727,1.3168463692355408,-11.88173957320135,-0.06156095641511383,3.5019756210045743,3.372862454560349
aed44918,7.353765454501609,8.289755960113045,2.9366402098990094,-16.37682440630277,5.470874514989148,4.264676518624414,8.437873802542558
b04b58a3,-2.7486427590310583,10.743125825559103,-7.2047804257421,-18.523992872779285,-3.6209192828320216,10.422119833363805,10.482087654491217
b19b0395,-10.339945760851084,11.966857341323081,-3.3147772443339756,-8.572444418180009,-1.440264944387128,10.746883963510966,11.838682576173685
b32e4903,3.691707001635107,5.5167621425846,-7.385411642062589,-19.2705175778896,-1.1233903064692314,6.323853733163716,4.581779405943287
b4d8dd4f,3.6991369226702293,11.924231282191457,1.148243408184879,-8.707383867308712,8.171064049656259,12.186131868956968,12.987668812236496
b585b4fa,1.766707860366649,7.174271572996917,-0.19311928600260742,-4.566982904768171,-1.9592196468351433,7.8886913824886316,6.467647256610464
b85f7b06,1.2192996706358787,2.1116678464699503,3.5910452850338674,-5.8033352698348315,2.34961940827263,2.0615703035049893,2.173057180251919
b95e7121,-21.741844695086748,22.295294005215606,-16.778696337001527,-20.112307032136115,-22.79036078070682,5.04695056598901,25.009063377472135
ba48188d,-37.74688677436382,46.89483692420052,4.911300572871206,-6.420653370712062,6.4031241954852405,52.18737143819874,47.47074372258627
bb2cdd83,4.0785116883047525,5.624213613409605,-2.374187160528691,-11.37623713266406,-3.3920007339079516,8.414634693678076,5.4392023284704285
bb682ebd,15.684018109525864,18.10764164979524,-1.2055953912211066,-21.35276257798315,-1.7872631840276387,19.67597347263727,17.02141652176835
bcebcc5f,8.205652909834226,9.334223445480248,5.97894997449713,-13.359205125923028,2.392498583961105,7.320365487454068,9.035391469745887
bd4ae5da,-10.373610367071054,12.107670590593209,-4.862087723109594,-13.85270437352981,-3.2409121090093156,9.479413458809873,12.763781695211717
bd6f0e19,7.5778113938745175,7.912769174175132,6.048090989308285,-4.07735457697549,2.669364871315142,5.41124179347634,6.858351439718314
bd8f847e,-7.136208238485118,9.946978059463298,-3.8930494460450644,-12.513672897019333,2.799813267279931,12.113687624148584,9.558882675222124
be063506,-2.3647825350881417,3.1662734433669213,0.5275780424681783,-2.913075326570538,1.9566461179977384,4.807061127511277,2.7649159559461247
be35c8f2,1.8792592792547234,5.916729088581362,-6.296808154592328,-11.018961031410253,-2.333873730260423,7.01616401068731,5.235369031498962
bf70b410,-11.417939820378013,20.194020356324486,-4.222850693026128,-11.214308400046686,-2.4471682336227,18.918346948706002,19.18868635890387
c03fba65,-15.114521740576853,17.59879436571826,-6.039941468293371,-0.6695774573477609,-6.695779002739847,12.334667606642782,16.487483145452828
c1708b88,-11.406379739265471,15.373996383677632,-1.2571533050085248,-11.404744934701721,2.1287890182011293,17.013378833791574,15.930619143001708
c3957531,-5.06288457631379,12.633084293911361,-3.0826757834987792,-16.868463843733068,-2.138576624152184,11.93790582736627,12.505581925692983
c472c0b5,2.444586286621398,4.277618101595064,1.650545434606971,-22.710691416293653,-2.9841650324354467,6.464778062279055,3.7435212878162805
c50b42f6,6.013702690641824,9.012225237613732,-6.254866549161333,-17.778875729895734,-5.614876868017339,13.426818172378901,10.901865145761333
c59b6c4a,-22.93620399507314,26.885953489721494,-6.995879271015037,-11.158985462668747,0.34624705487358626,27.181934593420575,25.85122947731001
c6797dd7,-6.6544736342183075,9.300421193031108,-5.229514094886433,-17.22256747991532,-2.0232422457207924,7.9789798341064335,8.190352674337642
c70c0e01,-4.402879752492071,8.943894381684272,-0.6370758937588408,-9.481383804294339,1.8256803782751434,9.970098189005043,8.169438469348266
c8d9680c,36.50049008758098,39.5783402592505,1.1777748149367253,-3.3574502615361226,14.48916600127162,26.807790454940296,40.35460188035789
c9e980e8,-7.978736077877309,11.07849895836212,-6.282665029974117,-19.082695367852992,-3.264687982318518,9.016382823352673,8.416054389328744
c9fedcf3,3.1828544138875667,3.9302757339503516,5.974352940197228,-19.89476335020093,-0.7892809111468028,4.592860129076934,4.091720053707501
cbe51de1,9.13885975360348,12.686981435494086,-2.1868034376014394,-17.898944743880424,0.11454384283252578,12.604722051911349,13.935836798967847
cbe62450,13.036216800636971,15.099772864633495,6.279730127976022,-0.39746708016153853,2.540366554656913,12.970083441380098,16.07211084084491
cda7eb37,2.3367575247038976,11.384405150519157,1.6885002695312514,-10.734845645058032,0.699196526359593,11.261698403225337,10.714539457085161
cdc60a53,-0.7141394732716766,7.432113462576333,-3.4763161279547714,-15.40849892371224,-2.9944962410477056,7.741210649612095,7.278293605894007
cf50c9d1,-21.03993421561283,22.949800959255214,4.690782255183954,-5.843891889026349,1.176841719726433,24.03330325263719,20.20127393881058
d011f41b,-10.020940582140785,11.16012704140712,1.3069699804223631,-20.070914582251966,0.16116844848535766,11.305066551821083,10.808161816923176
d0a0e7b5,12.759530891508206,13.711123445053936,3.060123225509722,-4.768438017096669,1.9724795072290582,11.89746843329448,14.63874613350559
d0a43760,11.101714693774607,12.805797524783081,2.3777842302584284,-6.099229228073422,10.887278817775298,6.386420268717427,11.220683429633183
d114d9c2,-2.733093445608029,6.680146712288852,1.8253171735705274,-14.587613134841634,0.6200415309689604,6.9568724644354,6.0848137782307505
d1457cc5,7.048794491891495,10.034630824282067,1.326516185748924,-11.357338974782614,4.088359331160755,7.731266929268544,10.51569703966186
d1ecf309,8.276289367483182,10.70934441799094,2.937241385663517,-9.109435732264554,3.2749199566351126,8.438411470923013,12.095501357212687
d24ff243,-1.49626233711091,3.6600959520910097,-5.197131096494184,-15.066153613233666,-0.539793256369718,3.4745265144289164,3.2006972061849446
d273674e,-3.0965037811511014,5.12901787539055,-0.9473102387195563,-12.55557920373194,-2.7362418831878705,4.104665313337653,4.377676298439873
d2f3b1ab,-1.0182019737997898,12.225442591952335,1.5432112341969977,-14.799916986214,5.239808607175937,13.6962552451854,10.382869181469369
d41beaf2,-11.572264725562427,13.245700889580615,-10.474178241514721,-17.410502354066118,-4.996066417211238,9.207478773720442,13.573786465957433
d543916f,5.797713364425773,8.153421797604443,-0.023572336631330293,-11.397421716057647,0.25657454209976244,7.973018638000194,7.578147664139886
d5df0ff5,-7.530391562987984,8.45961783635394,-10.611197880252288,-10.621073032213108,-2.349555029401006,6.457507571268231,6.992270833054334
d6dd7330,7.830365565159314,10.975996102581938,6.8175653298716625,-1.836160012946931,4.083475927675819,8.555527307848934,10.078828190208329
da3cf798,8.108372034926454,9.760684899434814,4.95067994484815,-18.260212645336154,4.96466458718051,6.277592625066939,10.228457046172833
dd168de0,3.134951188498975,4.297331362207003,-4.9255091795828045,-5.9965298392153175,-2.159537086035303,6.055637371204149,3.655083602617765
df8290be,6.060859531493987,10.329639791184263,-4.544804209061807,-8.987024146036791,0.5051775737526558,10.04156571310946,9.983965190213791
e0079ed1,-4.170530221961896,6.301561405218271,-7.88371215602459,-18.287015522078427,-2.5753695048877705,4.986069747279399,5.235325274374548
e03b45fd,-1.7079730044839112,13.065482738425985,-0.9630911967438384,-17.673700627168255,-2.5418650228862147,12.980178862497075,12.373341302075254
e0f36d98,5.902384097900753,9.688629988982163,9.247581618393376,-9.40393318864189,9.102355582466421,8.322934009487787,9.761025699274926
e201fd6d,-8.866716385113728,14.444943677360442,-1.4250459492950918,-6.768824759960418,1.4280611478835858,15.362948377248207,14.689141936292195
e32da4ec,2.7706555990225215,6.77627651721461,5.363676467657258,-14.973995148479084,9.981502084283672,9.499352505479454,7.251135141613413
e3b34f5b,-7.3277172288417525,10.816425266166974,0.9390200264101615,-21.140431041494686,-3.3920232449518344,8.8763338652583,9.591856927140029
e46f4ef4,-1.2793295321708846,4.444558712224623,1.4742751027588972,-11.44817433329262,1.278419586956542,4.96583312757563,4.3352300958303
e4726608,0.05269043997197129,4.896733143186711,-7.808484840459557,-14.17880952021633,-4.298112775004939,6.550168532837016,4.59645529837775
e5864244,11.075920111318604,13.66978567124527,-14.045735073747977,-24.42570963325287,-8.441485186380003,21.09777579604343,11.427792309182786
e5c92e59,-0.2004004300028619,4.637560979027502,-0.7591705424891632,-16.52112388983352,-0.6731281621057233,4.657282792632597,4.588775273963991
e730c32b,8.865221031338816,10.25732627529801,-8.89723088541327,-9.722481760130815,-4.535850375536403,14.35999001516315,8.638566274512907
e85074c5,11.900791140277255,12.7449840499268,-2.071230928674414,-12.816197378416899,2.433638182411918,10.50869990988408,11.441690205706289
e97032ad,8.907843693270632,9.533369064240162,,,1.9649810625549091,7.729087136283848,9.897362073020245
eac10e86,-6.666921404607265,7.712907478491418,-0.3925352526483496,-15.652253386695545,0.298823825385833,7.972622364424835,8.160830699019144
eafb863e,1.7964630647878725,5.958252884972093,-0.89291483777764,-18.988851005311034,-2.4607457265460986,7.099107309454201,6.324057349433181
eb06a4e7,-3.735919419453941,9.831154946646457,-5.621303586442982,-13.67181243063895,-2.8177733966420653,9.139885436673865,13.641692951344593
eb640a35,-3.335575832305727,10.459766247377129,3.424615991809279,-11.556004370942148,2.7183089321667513,11.61594441094705,9.03021777532461
eba6605e,-0.8497098869464678,7.845316461497608,-1.6425177226891627,-22.937934634422845,3.4600414328356774,8.910720505516833,8.37150910752859
ec0d597b,5.134790366449854,12.605584983388711,2.2435014611048576,-7.80121920331636,-1.8835687580414633,13.483028794242667,11.571186602030503
ee288beb,18.218424940084343,24.26134419187742,-1.3474198841689664,-8.723662367378733,9.7087290952149,18.14157485091756,24.845005938939984
eeda36f5,-11.119357690245506,11.518111387033622,4.864837201894682,-0.25452903088248213,11.08627342935948,22.40796349292872,9.683415870965852
eeed308d,-0.33551392979647854,5.210754603922238,-2.3549480545508006,-12.658925332439662,-2.6464827864832396,5.690340148162338,6.125936826153881
f0188a48,-16.454215857153915,17.16904250928224,-2.043242023708593,-15.849909500180802,-0.1595600855251289,17.01618664470965,17.536995342189172
f03f10fe,-7.157849476994798,8.594286915572921,-3.669322729717543,-1.2494663177698995,3.245459789141198,11.439222095000193,8.430841509577242
f2d4c8c9,0.7513086056890073,4.05932532540807,1.2017320952215569,-5.189506904281126,0.5473027719276802,3.9944055698846883,4.378124389652888
f321a31c,-7.190679110059305,12.20062343564903,-2.5966645876097827,-12.024144278403968,-4.526671197829042,10.210106968640888,14.110112163242267
f5859199,17.74314011617271,18.83256964558703,5.306578394025273,0.22858988689141624,3.6605144759382156,15.432660276075213,17.1939686207234
f631da6e,-0.2568323177316065,3.8059389931648853,8.805945732778026,-6.8549384786602054,5.075327352259617,6.546077873547786,4.166150247578682
f6824bb0,-15.41639484455764,18.288363149988193,-6.682229494121708,-12.746548484134383,-1.5198377164422716,17.026840479593886,22.11052817381984
f8662c22,9.342616596945586,11.234332058885023,2.661908179451145,-13.540234480488436,-0.5448603664838713,11.691361453403504,9.790276153915377
fa31da94,-4.007647558793756,5.9655033738352135,1.2770992176578089,-3.6449867523983666,-2.407587695885914,4.699593930609891,7.276809367716517
fa667be2,-5.083479681145082,6.691749219134965,-3.0890600855669685,-11.09542781793607,-2.481802110281016,5.070154645168167,5.783771843552444
fb03ae90,-52.50530718234111,54.18346314477543,-3.8532597844098397,-9.703831224322446,-2.3740514977034795,51.886252442894246,54.48567118144587
fbd68d27,-15.394934195242488,17.186208266422902,-5.714780496131459,-10.966584133777527,0.6948507294956323,17.811314792158754,21.600782389123825
fd3b4faa,1.1374165811848447,3.1275848709849017,5.838729805146132,-7.607034736713745,-2.7179351012445534,4.832370768190715,2.936945560802808
fd710aea,1.5430156855057142,3.0263710175261793,-6.818514281795306,-11.39962641503637,0.43002017616672633,2.831392437267168,2.849173123324255
ff8bb73a,4.392544877238837,8.33549157396955,-0.26690567159862344,-3.2412737592024428,-0.38481888037079903,8.54454058178011,7.973256118043391
ffefef30,-7.437639049028829,8.240615831965835,-4.881665779957603,-16.65873503875985,-1.705529698703026,6.7413909744571585,7.003798962363456
