well,oracle_shift,base_rmse,tw_delta,prefix_delta,ridge_correction,ridge_rmse
015fe0d2,18.266613098633528,20.870873340049574,1.35503941000017,-17.42516805272493,2.161933818773205,19.0074957474246
01869cd4,2.617878316175865,8.377282008025002,3.0523152423454905,-19.44373881114514,6.146438315992814,8.704958508573352
01982c1d,-7.87868172070414,10.281181399393947,-4.937204717281343,-15.74524269687296,-2.3191295151116695,8.633521068358645
028d7b28,-11.778739647765416,14.687282260078202,0.4674777570867432,-15.409802233981553,-1.6072320650445415,13.43268845029661
05948241,-5.017820512141074,6.0182049001304865,-6.316347785263811,-15.246841396679596,-1.922121955992822,4.541323273939802
06df5958,-0.2079987711305005,2.2906687762901865,,,-1.6056940631313608,2.6753414890740217
071d7b45,9.283127360915067,9.84847530768292,7.610128721445725,-21.81230383288564,1.6806285904062315,8.283356797981401
0849b4e2,-10.023141276393819,14.261133226323139,-0.9322703066294954,-12.87799690223823,0.796238194732823,14.831572134895973
09441b8d,-9.165186880631687,12.511334535868123,-2.1651204557409494,-11.392655587911392,-3.3991872983894535,10.284920636247886
09ec2ca9,-4.37725774412382,7.350236439536113,,,-0.5377916681323007,7.043230090468853
0bbf5e67,-13.847100917149554,15.23988275183348,,,-2.074705484274751,13.382866535533209
0be01c24,1.080096638011466,4.092242031735613,3.210940300955777,-6.36759707431926,1.6376642435961823,3.9863163112899627
0c1b160c,3.435993577919729,6.945119837506097,7.084367147221624,-4.741965886588992,2.4728875576830944,6.111972749941681
0dc835f3,-9.034423998251334,12.096923083316595,-1.2787933495510444,-13.929211593367526,-4.778175090413374,9.101120033763067
10be2420,-12.148318635952275,13.161559932677296,-5.857691055346706,-13.103822149688172,-4.75743688744331,8.959360870133485
122bd617,2.458057225451126,8.21587732363877,6.277447192201112,-10.07007966389597,4.488610967188258,8.098255575836724
125be846,-10.168486224059182,11.895187030614766,2.449960246877664,-5.984425181334645,-1.8341621049242627,10.371032780163382
1285a37b,-5.347827604655146,5.567295474998985,-0.1372204048702922,-10.289340519640348,-0.540225047728113,5.050600079417476
13f598d9,5.5388845674289025,8.031282508651485,-1.7955339162998616,-17.09312599163303,-0.4847468970043254,8.372956019338256
173ed841,19.502178380479332,21.99929611275024,-0.45493623740892986,-10.929629877527459,0.29922289229588334,21.734478768849975
1770d7c6,4.778003982142533,7.688694451663013,1.8249729916830324,-21.346044022561802,-0.2802077075627073,7.86588874924745
1944513c,8.93044623180512,9.528993465253238,-1.3925190986015177,-1.3608985426354545,3.429630516711103,6.427116001216613
19fb4f7b,-5.202859476954142,9.054289613840414,1.01086178759454,-4.0296835455461135,2.258375534336512,10.515723539922424
1a518997,9.75542122778473,10.002189789505218,,,-2.4375909680765484,12.39133179533956
1a68190b,10.842142136293697,13.08819656367195,-5.251617726215247,-14.991012329643503,-2.782247344129794,15.471678380188852
1b1c5372,-13.343316009730897,18.685374177521677,-7.7665488637617015,-13.509105335958811,-4.7627102054984825,15.643718291572002
1b1eba53,63.302882278611655,68.3773765060652,10.464526235493036,-6.970963623752642,3.115143634843378,65.50400442814977
1b82b665,-1.4186618644421753,5.043222388787244,-2.1030063355050457,-8.803505820855397,0.5920661523744641,5.240660047623064
1beca81d,-1.4635588353297104,6.037638312033156,1.2297110981955734,-10.059569819545228,-0.8233036458068679,5.892452683744581
1f9afacb,1.6335395731841043,3.1527474336166175,2.7935463687856767,-11.488327012965506,1.9132205299580793,2.711012039921499
1fdbba44,3.683991738753669,6.641283367660911,-2.543220323603955,-17.800749467386527,2.7503379700748285,5.60415551159413
1fee2b62,2.4544126576045042,6.178160719001687,-13.220732032404303,-12.354906047403677,-5.9909458181905535,10.172001187607174
200d233d,5.026862079196944,5.994743022666387,-4.703453648733046,-10.341538275892322,-3.4982678519819115,9.129372480517755
206b6193,-25.850792337488812,29.53489237971585,-1.018256353263853,-6.285579116886855,8.272657549292175,36.99265110236223
25939962,3.9509701986731494,9.032781251039372,-6.499841872039556,-14.4837278380031,-3.156618241787022,10.793460291180002
261785ee,-18.776684950447592,21.140841413315865,1.2737413854349573,-12.534430205388572,2.6920948526908073,23.564375318906087
264feceb,-5.945138806047909,6.860158032842536,-2.5979116319686937,-7.549953991669499,-0.40568676807669357,6.511729547007653
26d3a96a,0.10615946269732848,4.964213676319299,-2.5359215619476037,-16.454671703362884,2.0025384912808573,5.313040656035461
27300fd5,9.884201997562233,11.02017191002382,-8.448430757394092,-9.675927473834498,-6.531732451669766,17.12394941709781
27c3155b,-13.366144736897207,14.669157061811182,-2.306514758529304,-11.150741080475136,-2.6453475543166465,12.3071457294706
283269ac,-0.9047768232112877,1.9270025435494764,2.489261810032056,-14.591394467838143,-0.3842883742824439,1.7792205957932372
2b06ad65,1.7634778875095487,2.2291996618199894,-6.608087080271584,-10.724084626469226,-3.0816523725672007,5.033365088054136
2c0c4a4e,-3.447132442208276,5.016080325586162,-6.293745095437521,-6.701875041136988,-6.216126100734385,4.576643490547292
2cee0cba,-7.74014489161688,10.279596364437511,-6.690631810170151,-7.625960814804638,-2.4760579300519403,8.571515035945701
2d179ded,-1.695115296685444,8.12288491485349,3.9776097599488422,-3.983816009776901,4.45872829260556,10.048762828943639
2d196986,-5.213673464585442,8.633540452599608,0.7033768554149321,-11.979859573378919,3.3067873534594523,10.952345972585084
2ddad940,-4.176125521387629,8.58847819921705,-9.019320457142713,-16.778615643454195,-8.392118097652684,8.60793394556205
2e43c2ea,2.820179902050975,4.63062562595359,-1.1858838184447869,-2.6691674499627704,-0.48317933954129133,4.939783526311065
2f19d536,-1.4161430641196913,2.573757659998148,-3.6999831559960126,-10.112224324349983,0.03461790429497752,2.5929663904149343
2f8e53c3,-0.9771957442971843,2.756476678285922,0.8059093850271718,-12.473557111825672,2.1077014957770004,4.01993073784621
2fd68f7b,50.98954912254976,55.38631820751252,7.942053591492353,-5.087989948669887,1.5714634665495861,53.943093299946455
32fe84c9,-16.21468644762626,18.609036529986536,2.120785272635117,-7.633726166066162,3.7525535715611436,21.956112086692023
3407f5bf,-12.983732507788648,20.67612075545997,2.7389774527077146,-5.185471232740433,6.288093315859204,25.10633247285601
357c12f9,0.9387243761382251,2.9881272254919677,4.085694066535963,-11.554379335806814,0.5686387479574925,2.8608852185216462
3584a6eb,-7.295150307671097,8.21866710943938,1.2237445929464845,-15.526220010324915,0.38179061697760336,8.559362885449124
35b30c7f,-16.786521433519727,18.872470363942657,5.2276758416693205,-13.396929641712276,3.8575805310591282,22.373238069707565
35b3ef6a,-19.12788605367474,20.727979473422085,-6.936122543715295,-16.991757168245098,-1.2825810271291767,19.550652665798044
368fe682,15.996360101991598,17.801019653637407,-1.623313008443955,-11.609619451308255,2.328553229301672,15.741718740523858
37344c2a,7.531611185190045,13.938084506212542,0.6973660948882975,-13.341605946466617,-0.7762145214255676,14.372369346386337
398dce4b,-1.9071041855096313,3.6545165298733266,-0.8040430243610242,-11.204526785383933,0.5245249771512117,3.953639472363232
3a7dd95d,-5.585644283759969,10.41162032436539,-1.5774631685718188,-11.503809647396624,1.8390820035324535,11.503433233398441
3aaa2b30,10.259947307450267,12.234181196364895,3.9533553130125183,-9.376953089408282,-0.09742031920818817,12.315995085562628
3b21ea64,1.7454628288517722,6.168790722629314,1.5421324855918863,-11.79941441881883,-1.9438792543370984,6.972702739933881
3bbe1f5d,5.337470760977662,6.73271330804459,-2.663804589632571,-18.465992109975055,0.8062121794921091,6.113357399687788
3c3dbcbc,-5.263886747100485,8.370255526540387,-4.137264497919323,-12.597808265172706,-7.252318238133395,6.8048904243795505
3d96d897,-0.22857675630024907,2.5751298297475205,,,-1.4289407923616486,2.8319463493516897
3df4b19e,-5.690267944027472,7.8846606094453735,-7.044270276409985,-18.128934848863516,-5.52099097084565,5.46052912683031
3e678ea7,10.125388879103317,11.126808948969847,-5.615930857644912,-15.94532107065318,5.267768137102559,6.69916835935058
3ef6372a,-6.251486438680311,7.548743600208668,-2.0674288731724415,-16.18799432957651,2.275169183340555,9.518734335257957
404c4384,4.29413637354336,5.577828781328982,-3.4558306751741616,-12.162451248993625,-0.3688691460080764,5.866531104034452
42669188,-15.300859183245853,17.28723341316005,-8.3296334379745,-11.973980091623261,-3.8567155414369183,13.989302020827216
4463446c,6.707786647333545,10.38424187146197,-2.944233567915522,-5.527890795450633,-2.4459602709219737,12.109052819371799
463c38f2,0.6583319897513907,6.653231070357092,2.8218580350372173,-4.412970718735154,6.662837109626002,8.937906041206958
46d24a09,17.104507923755936,19.884526300966048,3.563882705948546,-3.044564058958689,3.9141223060204626,16.63780236823859
46d41ff6,-0.4375512090327785,4.498856179899285,2.6775574040487298,-7.544835955167404,-0.5679491552098961,4.479426245766186
48c1f673,16.892200099796934,18.970737237402712,-3.4618142901907456,-12.804588449345372,-0.967644321327308,19.837250058053293
4a035ec2,-11.136091318038776,14.375543883314956,-5.180700806200161,-11.271851518148404,1.6178841405043978,15.662299387207314
4b831d20,-14.980650477426563,16.977412563540142,-5.570124012053151,-7.769488314996613,0.4680524298944404,17.391810433204057
4ed93db6,-6.009902833556383,9.21493757896505,-3.175888090570124,-9.317002452680176,-2.5409253216879866,7.799355581923705
4f4ac5ce,2.073563205424655,6.562017933856171,-2.6666889497678468,-13.229678644331235,-4.059985986918647,8.739613303358835
4fbe9c06,-10.708416409596717,13.877641483938946,-1.9548591675309392,-14.713606088613087,-1.595199767616275,12.687374382396328
511e1db0,-0.3863501055666162,1.8899944451509418,-4.338266170120971,-5.530729807788135,-5.169880838302404,5.128837964847336
512943b2,-1.6127991335236405,3.7754943151170934,,,-1.8345794779291649,3.4208804129275525
521a7819,-34.637119267886895,36.857745596312576,-5.171558111268127,-19.84230857126532,-1.1348071918716849,35.79341131693705
53134831,-11.044825294442017,12.175820873609968,-1.7437729018889159,-13.489917672047705,0.3460997517557503,12.49062134441634
5397ceb1,-5.057716727261943,7.534982692993206,-3.8579071952561845,-3.823322279867101,-1.8423104063424902,6.444711281282692
543198e8,3.8703343435147457,18.479433573055775,-1.5575482530515046,-13.16137876729399,-1.885499749776491,18.964166297517146
5663b2b7,-4.969786502329051,13.938048664605086,6.558583796449893,-7.048765079078108,5.6545827185477755,16.806178745915823
577eec7c,5.1530233815622495,11.221564799295232,5.6024473087228515,-5.855601115845957,-1.8256071720376466,12.168448996379295
58850d2c,-10.53559974288402,11.691653652857875,-3.6610548315702625,-5.111165006040447,-0.5727918708041471,11.178257641158435
591cc951,-5.7054738759814,6.866875678238513,2.4648128009906856,-8.839393873621582,9.541709589227482,15.718719828683055
5a1a8fd8,-9.45075148388187,11.134799750030638,-1.8000965693249273,-17.194030857011697,0.7485520661746858,11.776793059630796
5a5d1982,-3.5325798635369607,5.638048649571815,-4.7291023461130814,-13.991171654236041,-2.896101631285719,4.439997367431772
5b7b6324,12.707486368227462,16.8208830652537,5.282405233821322,-10.178531606196273,4.169821598833758,13.94107660874103
5bd25f59,-1.518988430423589,2.741210710772011,5.892958908236134,-13.371106026477534,1.0206029108160386,3.414152089405001
5d11dfb5,-2.586043041788565,9.405270641584007,-1.793042133762743,-14.672003918114113,0.11484040569053305,9.437492708570918
5def1ce5,-1.4523217102564432,6.9959521944768115,-5.647353811851296,-16.385805837939117,-1.7233882655685533,6.848911288280189
5eae34a8,-1.8143935704749425,5.973593212702033,-3.652787192906429,-16.485575406468946,-1.2695162797625843,5.717401779146968
5f4d2a52,43.575199903205586,52.16464232548908,-6.532122468422628,-0.5770456472271384,-1.3510770248882809,53.29842606458174
5f6756c5,10.496608548775356,11.886543846927854,-1.5400301676383519,-7.436752224480825,-0.13271057774470263,12.003897645853854
60e37807,10.93858048248566,19.359275153282166,4.7999728081331,-14.343365925003347,2.0610346906826473,18.274020104350868
62569ae3,-4.380178465675524,7.191691872544939,-5.923389748174548,-14.662344907177413,-3.8839707166297726,5.725442404624669
647f2a41,-6.108518722406569,8.158284799200073,4.82513962293517,-22.016787093356356,5.092168071828297,12.437805053360352
656a067b,-0.19166882281224068,10.698140190116806,-0.5510483455862452,-18.16971974849138,2.7704228263457984,11.098984346676502
684a6fc1,10.87648757748145,13.314933375145383,7.923559886292916,-16.150188693026177,3.836362499588452,10.418868934477537
699ea575,5.818983089082386,9.868677653917814,,,-2.2878472459142905,11.36885801328926
69c1bdad,-3.811759760298827,6.577388701551304,-1.4826906336431205,-8.671703238557452,-3.445513646881887,5.372770782068976
6d590e26,0.16738059182613163,7.6382837529566965,3.2951359183583464,-16.186053721380592,-3.3744335073569816,8.417826889484886
6d6d93af,-22.535038469380865,26.244805185048516,-1.89739334668144,2.1797194541972598,2.699709418105518,28.596404342673928
6ea22614,-4.142691827169138,7.557168025825859,6.382630868432328,-6.3377989694452666,4.748279444716063,10.908632506101466
6ede926a,0.10797234033515465,3.958186797114788,-4.241499112254561,-4.107580673165366,2.51494509280814,4.631317579881616
708caea9,22.666028669656008,25.556210534713177,0.30810094805768923,-15.95789840827631,-0.22704050582754443,25.757788288484928
70925e23,-13.601521035467176,15.460124423431118,-0.5412575500552925,-13.22777037698496,11.695329930339938,26.34283093169748
71ccf778,-4.501316403650324,6.420975930720909,-2.2942060422377577,-13.436500935509212,0.8374832928697964,7.033481693776168
726f3dc2,-0.5695680853545895,5.114684442052208,3.9291692362030792,-9.194073019260987,2.2886795843570664,5.831395105746807
729e9750,5.202035213368585,7.604374771331985,4.137166978979838,-13.079523505271968,0.7173949085813112,7.132835618817373
739a914f,-12.846371599849927,16.788691949217817,-4.0813509075398695,-21.057455471515983,-1.0717512356444188,15.983510215389815
75d20a82,-6.467160626400344,15.546757114245201,5.579171171342075,-9.598343023279872,3.968384135765128,17.57208253693449
764072a5,0.5219975502937126,3.128279751831714,-0.1134374821868787,-13.871160901702083,-2.381735669126423,4.236191611905094
77b0d905,5.753423308405952,6.556912685200907,-4.002261752786906,-16.005190110974198,-1.4274483856103148,7.839396818732651
7987f2f2,-4.365608341015825,10.204601341035094,-1.8982462035211094,-12.138148724785454,1.9051145309768962,11.153354548280065
7acda2df,8.317967449759907,13.137075520135193,-1.3998800769341468,-13.984560528792937,1.1275270723451272,12.453778685508384
7b2c7b3c,-0.7315455427804392,4.730500005783257,0.35218203994428565,-9.57464166942219,1.0917406596704233,5.016656655542903
7bb17b96,13.321617354725841,15.514959147896157,-2.812792945331925,-9.351307350437112,-1.7950935022671843,17.08108355898674
8050c789,0.2904663900386389,7.666393555322765,,,-2.8649201004259583,8.285269055713371
807f0298,2.0058710469618672,8.976028348810162,-0.3715998464984247,-10.385492298336386,1.6877156927724632,8.754815194565946
811f52b3,1.763269272442307,3.0114819171150238,-1.6685521463471382,-18.313298037594333,-0.2152611691880124,3.142369729746369
81fc01c6,3.9223046216282356,11.59342065847707,-6.786600487341045,-24.918014806561537,-4.655209611967074,13.877920573597493
8478df29,-2.9264890616418495,5.181583699438313,-8.808026611665476,-12.56333095832839,-10.716827506442847,8.886722933169782
84815d5a,13.93762893813877,15.908559569727093,10.353636415608364,-11.966159692988661,6.760857645150107,10.503847550216486
877ed19c,-9.053388352632664,9.952392053938437,-2.742569946491999,-14.626431019254305,0.020102654641281748,9.970682323231728
8902c3f6,-0.6229560658046944,3.8008758422835265,1.546727868796494,-13.718164305789365,-1.2410274536435701,3.800078308271598
896d15b9,18.836461492475454,24.71449494702943,3.781933549944046,-15.92882704820125,4.28465812273976,21.627504716001425
8995c945,6.822880830728634,10.799639145043653,1.3914460360588228,-8.537838197452519,-2.824906555217071,12.77342179203565
89f1085d,-14.02206777911741,15.79353485263519,-1.7287245020819506,0.9721427887431587,7.205561313946129,22.437236800726847
8a9c8932,5.344538907373282,6.460699972437753,-2.4894904459083693,-12.386210702716495,1.7331457639596821,5.120420728585465
8bb9c1e6,-0.7967470956830773,2.1147185860559317,1.2164659577179393,-6.052322807113212,0.04606928621448475,2.132502805936166
8bfa881d,12.173781455374048,18.114552767337333,-0.255632944602741,-2.6609542421195878,-1.980177016838966,19.50052838952293
8c167025,3.563894036431616,7.920964813048502,-1.2566650254346903,-20.28733051019679,-2.836300909784402,9.539540775960516
8c8348e8,-5.657669298068082,6.675756077964409,-7.413085154701397,-12.536900160817742,-4.428657286429537,3.7505956661480844
8cc800b3,-13.522043177413847,14.924076109490096,-0.009192608717349449,-16.857403164635627,-2.627153513426765,12.592895489935877
8d92cb49,-0.7871389248386081,6.2310698882554405,0.06157692471979129,-5.797962903317309,-3.2434507278759708,6.65132407412746
90386ee4,3.653786397081407,6.102059849016816,-8.161742303960843,-15.211681718730846,-4.294012179164026,9.330191936613422
91abc4c7,-14.442074063965208,15.61397792849454,-6.690256997114464,-19.364606438865838,12.673170245655903,27.757148222627684
91db7070,32.08257573426339,38.430410967907,0.5325417001398579,-16.45998796337766,1.5160612857891036,37.174139222667634
9298ad5b,3.6609320559497385,10.314136223399965,0.22589966562014951,-17.33433985251851,1.1015386254657153,9.976446123173094
940e709a,5.355172682299976,6.149776538290535,3.133996347139276,-8.222625199889682,4.960771985769062,3.0491685625890277
9426ec1e,-6.347529287091851,8.018278696000566,,,-1.5810929877270161,6.835245437594669
94467f50,-4.268890195394532,8.048206976598337,-6.273926353056117,-8.872739659611048,-0.5549557613670717,7.768109230571362
944f36b9,1.8600041667643095,3.8491454729219843,-4.928255550442366,-14.774364962739247,-0.21862284096930817,3.959418594770946
94d813a4,-27.420198171057752,32.74742533530511,-12.537952139277019,-7.0367037974538285,-0.9291427925627533,31.973467334928586
95c8427f,-17.88758270709034,19.675308312792215,1.1868060589012674,-10.501509747196042,-1.81831484624187,18.03811275283947
96b7eea1,5.213580641344276,5.794710759949232,-1.29300660523887,-19.260544346200657,0.34615678821359924,5.485350002844036
992c99e8,-7.111093516493422,11.644683799533865,-0.4322161207101515,-12.370341247995741,0.7069089260204868,12.089341255087588
99529c45,-18.048604123130897,19.127452000953085,3.0850473323212757,-8.087246122310063,4.764098186660368,23.675444999628574
9a8ae0d6,-1.5726431611541274,5.61003449709087,4.518617047200198,-6.119801367553659,2.0302208914003748,6.479190530260023
9a95e33f,-27.378608565693114,29.761145101467882,2.3074126966768795,-11.807413160763353,1.954254539965496,31.568250010611678
9ab94eeb,-6.520477642832147,8.1595414002177,-1.2344470044264868,-8.318892180249641,-0.45441843503207835,7.801189747963044
9b5b61c1,0.40492921374279356,3.5726865945629904,-2.9389555437408696,-12.302873721943344,-0.15391769957706325,3.593387219234154
9c350a6a,12.411185843280457,16.45951641725604,1.3014284705137114,-6.6485293652643085,-0.2938646507634137,16.682219717701358
9c8375f7,-0.5215902192194691,6.023215787675926,,,-4.449684046992262,7.17195881108602
9d5e14d4,-21.606575567019302,24.812026337592858,1.750510728510089,-10.908679815246277,3.597217185118298,28.00042343138449
9def2eb2,1.6487130586535044,6.40564039347005,-3.4965008196470526,-15.075037414851435,0.8759989169526599,6.237873134768446
9efc812e,3.379089577393574,6.0043384553124115,-2.9108770434259448,-10.204185411535848,0.13913106141577397,5.92715489076736
a3518960,-5.339444586445934,7.333556886157608,-3.529497084291866,-12.171703273115162,-1.6992826781278798,6.206622819984492
a4719920,1.6794834151438691,5.238198934605314,-0.45390386012539263,-17.101007382001093,1.1823174793393996,4.986505540404192
a48640d9,9.684565842807833,10.843622101145309,1.8838010309910933,-12.5384532363257,3.680477664499411,7.735786938746451
a4f989c2,-7.494838328427754,8.57603328883446,-1.5692440867946502,-16.97642735183005,-0.5174083477849543,8.127747199359678
a612d5a0,11.251640898427922,12.705345380417006,3.2653726292122482,-15.995769327298216,0.9972033236965537,11.831308816126647
a645da9a,-0.7110740216137705,8.454150918166679,-1.0237889511394331,-16.326747202332452,-0.5908107867019456,8.425052209250458
a6f967fb,-10.602598673259473,11.30735222662381,-7.041647966832217,-9.17323924134772,-5.236314929760871,6.651174104356308
a76db406,-0.6040924585167314,2.9147161633452416,,,-0.7984950810276714,2.8580474093458275
a79fd2e7,-9.248023547605973,12.165698199129643,-8.628365351953242,-8.835247966296887,0.14347798483337276,12.275120128497298
a85e4bc3,-1.4998738104836085,7.005252167998857,-8.351764629665883,-16.158653905441525,-3.4133216979042262,7.105295159791262
a959858c,40.49242073096331,43.01398852799778,13.889381152333852,-23.860253379013706,10.315451729114208,33.48457153036142
a9c9b150,0.3786337332082665,2.262721370851955,0.7246770663710821,-12.352454224685303,1.4523471454059236,2.475763516518051
aa95015b,-0.10330805408615956,3.8364363357643447,5.600846372136674,-6.967692810852213,0.5130040329103309,3.884251767446448
aaeffccb,1.310451720765894,3.697660581135814,4.344773747562634,-11.01915948943531,3.5874606235819564,4.140069999930826
ab112491,18.826774520029463,22.634280925417375,-7.276548246007462,-10.836424593932625,-3.772802859942549,25.857380608562238
ab6fe95d,3.648481850447305,6.392132490478354,3.612004201590795,-13.212892125961158,-1.7971637071246822,7.563266060471699
ac6f01d5,-8.30575678252901,10.952724862482745,-0.09818331593450647,-10.882142628361528,-0.8589520028516073,10.316563750074849
ad2133a8,-15.498793076797444,20.27165409906581,1.930058414278126,-12.452030202065778,1.766231371826013,21.65198471933624
add9c322,-7.869742894518293,8.93106570012947,-2.2509953169123658,-13.917920636878785,-0.6547062787783502,8.359894418034589
ae35f33a,2.092140418480661,3.5408690619308363,0.3230408165511201,-11.728814743785954,-0.8882580877222255,4.128374672782418
aed44918,8.901952430728715,9.59781749263218,-1.0628783784967022,-14.672291589995801,0.5275848937828341,9.110618814699697
b04b58a3,-1.8712986057613417,11.407299525146241,-3.0974949840117336,-14.339246558533615,-1.325352193336763,11.266001130379703
b19b0395,-9.976509743498418,11.613471968522317,-1.1452680791426824,-8.193417858775074,-0.2979313984882952,11.358559031938155
b32e4903,4.6463320749628805,6.551271719332197,-5.4800411074782645,-16.62619431788422,0.21751441959393253,6.39884249018559
b4d8dd4f,4.399466296626985,14.539273555143795,-1.9457924503105306,-6.949933709383529,-0.21535917258803994,14.60588189488934
b585b4fa,3.8885666520024653,9.055120746512578,1.2524860989864623,-3.5169065932025587,1.8741236581602947,8.42212809818838
b85f7b06,0.4621286818346791,1.6000661573409865,3.5415982641609562,-9.059225626086363,4.7401748139323026,4.544043078322761
b95e7121,-18.136501328564293,18.456276451727774,-12.448523667709956,-21.241795476182993,-7.866377928416574,10.82482769728267
ba48188d,-36.43551107492732,45.488258543578446,7.343053295224916,-4.544326448038754,8.407910159998965,52.46491805091529
bb2cdd83,6.082667320120528,7.336542783038547,-3.096408020606998,-8.467209149071538,0.7740326346153414,6.70877190730451
bb682ebd,15.235118490764698,17.369707184058147,-0.37627900132366227,-14.505282239443572,1.9479180729505432,15.68909134320547
bcebcc5f,9.05775663621614,10.67948682893667,7.412845971161576,-14.831232016761298,-0.707653203145866,11.285907716228497
bd4ae5da,-10.645981032956763,12.198275414725037,-3.8087042023077244,-10.790411985289222,-2.492173396867718,10.096810877982968
bd6f0e19,8.743801161557114,9.045709390202342,4.3875204740409455,-5.98701917728051,4.6420108435369904,4.711208277304765
bd8f847e,-4.26890102740144,8.505284541936346,-7.479445678249987,-11.662569860306757,-1.8644801773125756,7.7393532534631175
be063506,-2.478311256934469,3.189420030997365,0.269804184256544,-1.743544721163253,1.2118942283802172,4.200951079424898
be35c8f2,1.3060495704897421,4.936835419602974,,,-2.1601075701071806,5.889042689859048
bf70b410,-11.882822599374064,20.535239029737415,-4.421315814850093,-9.501153531602535,-2.0190752468676703,19.436771360344995
c03fba65,-16.071349203339913,18.659603542672766,-4.7457942675920695,-1.697464354667495,-5.1393265596619635,14.470717267500119
c1708b88,-12.458350158832298,16.945818803173225,-4.016507733737363,-19.45308436150806,-1.2840113364381822,16.025483903694344
c3957531,-3.0921424517087996,12.699259051146441,-0.43037707631230027,-16.401078150007514,5.323490003900043,14.917530128488803
c472c0b5,-0.12598201977821433,2.6047008446705275,0.7890954615726287,-22.02852802263417,2.4122613248833122,3.6347316679007564
c50b42f6,6.0563896801056085,9.231868835769209,-6.098991889298748,-20.297137156771015,-5.719581755677035,13.682874314262989
c59b6c4a,-22.800800812241235,26.911952772664304,-1.1308731826633198,-15.073721792896633,-0.9459437158380783,26.115349185159307
c6797dd7,-6.614106587327994,8.285668971975245,-4.859675832359236,-15.11171134002814,-1.2902822758387942,7.2971919026582786
c70c0e01,-5.039494293516754,8.82216297783491,1.269885226277981,-15.336171299550902,2.497726250356173,10.451973517000205
c8d9680c,36.290747799295566,39.4508295358695,3.0691988614775174,-6.614931232319213,1.467796634493088,38.10495378638258
c9e980e8,-9.643552773359872,12.236027089622603,-3.4698008650533922,-19.41711546695396,-3.739108120000854,9.569990361018533
c9fedcf3,2.426308361916566,3.1646878285894386,6.270980106943243,-19.434781545952603,4.9745951933729735,3.259147520547232
cbe51de1,9.876407049389682,12.974331772205073,-1.4897561480136785,-17.714877552430224,0.22866872367298968,12.801121963777378
cbe62450,12.548824080675749,15.222855752406886,5.586492045763853,-3.0488033301416824,2.4345196123948076,13.287644875144075
cda7eb37,1.0338050984756741,10.6821419048405,0.9177023077150613,-13.627562048652935,2.9231969775365907,10.798574182093647
cdc60a53,-0.2699564984518846,8.049727217988181,-4.144916641171674,-15.86909777343992,-0.3561855517712593,8.045661391246814
cf50c9d1,-19.749238974812354,21.407260545938726,-2.786934479478383,-9.920934933256394,0.7980045255916968,22.145599550754007
d011f41b,-9.449099607460546,10.92631496499259,1.683507652354496,-15.769722814144878,1.469903169150202,12.21979938289309
d0a0e7b5,7.275851677474176,8.366922621543011,1.0334320853038812,-7.984236961108797,2.2346745352485,6.517733003244995
d0a43760,8.941631040691169,10.237765248853531,1.1506952138196807,-7.053473233565657,1.5460257957544954,8.919307627933467
d114d9c2,-2.2108504230620745,6.415312500918084,1.2848052516047421,-14.705612393581891,1.767572518875416,7.217771400938839
d1457cc5,3.9112316567006737,8.119098764052096,0.7158119534984553,-7.608627392502462,4.002618298346864,7.115503017097685
d1ecf309,8.147089042775573,10.845817273118726,1.9933568287617793,-10.881692830070762,2.761699905493252,8.958744812244754
d24ff243,0.14749205188025363,3.0795971250246623,-1.3433990853625877,-17.920440400559038,-2.5309711659888507,4.078765714841622
d273674e,-2.348311254908213,4.186003740454037,0.93065697541901,-9.807720997470785,1.3539671403493114,5.070988747882666
d2f3b1ab,-1.8997409753693533,12.570474420637995,3.978201180731797,-17.852741784898843,1.676467524621914,12.930470935809817
d41beaf2,-11.312554847274315,13.388923317760607,-6.621990466439164,-13.595177582408649,-3.0446150235884537,10.93838193538513
d543916f,6.05792061255426,8.588997264334202,0.6649179467075353,-11.794328040821298,-0.20550421817994535,8.735156694014707
d5df0ff5,-7.9829758867964635,8.9887346739591,-10.885741611851017,-11.046121597844998,-1.0233650290273888,8.093554863053063
d6dd7330,5.8918970596081675,9.259883846110863,6.641568978341249,-2.768200821347923,5.860827783028752,7.143665948404415
da3cf798,10.014132676209371,11.632405761653532,6.401225373369306,-18.892762729067563,5.102082256862467,7.691440038720397
dd168de0,2.08022522342327,3.88947973080581,,,-1.371038638314367,4.765704338239404
df8290be,6.087910123118548,11.431404032790672,1.055586851024422,-11.014499264786263,1.3737195010736525,10.762803617770887
e0079ed1,-1.6439032035901424,4.450798360584396,-6.539833961961241,-14.887222830911693,-3.7554499679298083,4.6439011662395195
e03b45fd,1.329132286494752,13.400822534804647,-0.7558058829104906,-13.38666440196971,2.654300661345842,13.400429963103141
e0f36d98,6.8687634276741525,10.183178361284735,8.794949982827504,-13.399046583573137,4.532037696361083,7.8725788440488165
e201fd6d,-8.428692524149369,14.411078840474367,0.8606072255593711,-8.764926409471757,2.1558694425105793,15.769251336249082
e32da4ec,5.887334332139843,8.847830181911489,6.058874892396305,-13.473121017042914,3.037776393842537,7.193286719800693
e3b34f5b,-8.879728626981265,12.636638985684206,0.65056041275089,-19.245530219559388,1.94666929148874,14.072880169131277
e46f4ef4,-0.4734267442723103,4.337630351326244,0.5746542803244948,-11.493790877783303,0.25224643030744637,4.372357000389948
e4726608,-2.274033060575385,5.08614986971671,-8.647471160419892,-15.143128849977916,-4.51126141867482,5.069801264636796
e5864244,15.465865821441014,18.143495193510685,-5.449961861168443,-25.747599943684133,-3.915630263458643,21.578595939474265
e5c92e59,0.16332534317881667,4.67311067980011,-3.375573097904467,-15.323712885182006,0.880497192049341,4.724999864417908
e730c32b,8.370057077233206,10.148501726192745,-5.607984435802216,-5.745655753743932,-2.1358270215141775,11.971124947419408
e85074c5,11.193820515605026,11.922232363539091,-0.9718069883808977,-14.943410700350244,4.789332708460339,7.606278384762461
e97032ad,9.154323118219374,9.67106652708605,1.3642633404180295,-18.986485531427814,-0.4777895659234537,10.124499532251862
eac10e86,-6.880843999183524,7.789142240026076,-1.0268086744463125,-13.15705668473816,-0.38512888125456746,7.4511098225396255
eafb863e,2.054663059618295,6.074117253875416,-1.7992145694309016,-22.086109378976655,-5.685569296993899,9.622081742514315
eb06a4e7,-5.595680980582365,11.066795037895956,-8.383979222029486,-19.62483203767342,-2.931525942285946,9.912619676070975
eb640a35,-2.931305469594306,10.18707513165302,4.382526940740963,-11.962525896559654,2.0367770159709453,10.948323687452861
eba6605e,1.1159054523993817,7.832010083778588,-0.9443051544204615,-23.70470563361357,3.064245754313786,7.9931950373915805
ec0d597b,3.620563079198662,11.762992562209002,3.789187616925744,-7.784004970836618,0.1625987454133559,11.713967489363185
ee288beb,18.58451810263875,25.477604279146874,-2.3025719783186025,-10.75971367452064,-10.075011423235189,33.54240061984208
eeda36f5,-12.67376983391667,13.148705519153145,2.6786257255369135,-0.480114628017696,7.712319712751823,20.68469632436196
eeed308d,0.808982595315854,6.433242944735628,-2.682378121075629,-12.710861020925671,-2.6117830062880976,7.2411186461476085
f0188a48,-16.417963511525485,17.098412966878737,1.427202274538404,-16.4043567930748,-1.3588644155816119,15.798185519279592
f03f10fe,-9.891654018550744,10.97538060824142,-1.3365115108083436,-1.122201935367087,4.409552039485474,15.071119898251473
f2d4c8c9,1.0989155438907596,4.300519168145311,4.49477033153035,-4.037640391352631,3.800525350079309,4.9583813173127735
f321a31c,-7.311588828885422,12.53127464012544,-3.1465974478554886,-12.842527357616527,-4.216896961070782,10.63722852345903
f5859199,18.569567871526885,20.030283639466678,3.604649709354246,-3.9310684747994786,4.267849738809424,16.153097328064835
f631da6e,-2.1036253151194435,4.938575684045575,8.873785086572274,-10.050514784588675,-0.7969488714927482,4.6552866344578545
f6824bb0,-14.351974803539314,16.853422120862156,0.4268162959682907,-13.004191081109983,0.32968283207789656,17.135043838637287
f8662c22,10.192084876815438,11.98339489150665,1.1822254782344717,-15.46011159085954,0.17962025916256646,11.831001931760346
fa31da94,-6.071763762678655,7.576099827568901,2.522393131543804,-6.533262471928226,1.7370702263612883,9.028225832127886
fa667be2,-5.603761284149704,6.836258055398242,-2.428490663890047,-9.813930687846149,-2.439443892767932,5.0344004830426865
fb03ae90,-50.97267516570765,52.685893958223275,-0.7070695707049997,-1.9495630219345443,-3.1011810547478804,49.69174737362381
fbd68d27,-16.904984909389565,19.258076637268644,-5.287942932624085,-13.610905326314988,-3.223685231540918,16.500695799126177
fd3b4faa,1.4624088425462822,4.382650882920636,3.1594108760910045,-12.005917798769705,-2.3419521383091007,5.6162399887704515
fd710aea,2.3768002336942913,3.661459440656195,-6.531188104232404,-11.577169506277585,-2.1139165025618705,5.284282608828701
ff8bb73a,5.402581910933535,8.751376188507468,1.7927007315749384,-2.0689530026978478,1.5872534896298593,7.871176840272189
ffefef30,-4.98918938980834,5.779502545811481,1.3793791721466944,-13.3149935360705,2.2806354504893567,7.833325738042893
